StudyID,ImageID,report_es,report_en,boxes,extra_boxes,split
222222222222222222222222222222222222,study2_img.png,Primer hallazgo del estudio dos,First finding of this second study,"[[0, ""First finding of this second study"", [[0.21436587, 0.32547698, 0.43658709, 0.54769821], [0.65870932, 0.76982143, 0.88093254, 0.99104365]]]]","[[0, ""First finding of this second study"", [[0.20394857, 0.31405968, 0.42517079, 0.53628190], [0.64759201, 0.75870412, 0.86981523, 0.98092634]]]]",train
222222222222222222222222222222222222,study2_img.png,Segundo hallazgo del estudio dos,Second finding of this second study,"[[0, ""Second finding of this second study"", [[0.12837465, 0.23948576, 0.35059687, 0.46170798], [0.57281920, 0.68393041, 0.79404152, 0.90515263]]]]","[[0, ""Second finding of this second study"", [[0.11716253, 0.22827364, 0.33938475, 0.45049586], [0.56160708, 0.67271829, 0.78282940, 0.89394051]]]]",train
